apartment => apartamento
app, apartm, appartman, appartement, villa, aparts, apt, appt, apartment, apparts, apartments, apart, appart, apartman, ferienwohnung, fewo, wohnung => apartment
chambres d'hotes, bed et breakfast, chambre d'hote, maison d'hotes, auberge, fruhstueckspension, fruehstueckspension, frühstückspension, fruehstuckspension, fruhstuckspension => bed and breakfast
bed and breakfast, bed & breakfast, b&b, b & b => bnb
carribbean, carribean, caribean, karibik => caribbean
caribeno, caribeño, caribbean => caribe
guesthouse => casa huesped
fourth, 4ª, 4ro, 4ra, 4°, cuarta => cuarto
four, iv => cuatro
tenth => decimo
ten, x => diez
ii, two => dos
huit, viii, 8, acht => eight
8eme, huitieme, 8th, 8 eme, achter, achte, achten => eighth
cinquieme, 5 eme, 5th, 5eme, funften, fünfte, fünften, funfte, fuenfte, fuenfter => fifth
1er, 1 ere, 1st, premiere, premier, 1 er, erster, erste, ersten => first
v, 5, cinque, fuenf, funf, fünf => five
ft, kastell, festung => fort
4, iv, quatre, vier => four
q'uatrieme, 4eme, 4 eme, 4th, vierter, vierten, vierte => fourth
gormet => gourmet
guest house, wirtshaus, gastwirtschaft, gasthof, gasthaus => guesthouse
hospederia, pansion, pansiyon, pension, panzio, alpenhotel, stadthotel, familienhotel, burghotel, berghotel, tagungshotel, flughafenhotel, schlosshotel, strandhotel, schloßhotel, hoteles, casa huesped, hospedería, hosteria, hacienda, alojamiento, hostal, aparthotel, casa rural, albergue, otel, hostels, house, hotels, motels, villa, guesthouse, resort, hotles, htl, oteli, guest house, home stay, homes, motel, hostel, hotle => hotel
international => internacional
intl => international
mad => madrid
manhatten => manhattan
mariot, marriot, mariott => marriott
mount => montana
mountain, mt, berg => mount
montagne, montane => mountain
fort => muralla
9, neuf, ix, neun => nine
9 eme, 9eme, neuvieme, 9th, neunter, neunte, neuten => ninth
9°, 9ª, novena, ninth => noveno
nine, ix => nueve
viii, eight => ocho
8°, eighth, 8ª, octava => octavo
1, une, un, eins => one
palmtree => palm tree
primera, 1ra, primero, 1er, 1°, 1ro, first, 1ª => primer
raddisson, raddison, radison => radisson
restau, restos, resto, restaurannts, restaraunt, restrants, restauants, restuarant, restaurantss, restaurent, resturaunt, restraurants, resterraunt, restaurats, restaurng, restuants, restaruant, restautants, restraraunt, restauraunt, restauranrs, restaurnt, restuarntsrestewraunts, resurant, restrant, restaraunts, restorant, restaurnts, restruarants, restrunts, restaruants, resturtant, restorante, restauran, resataurants, restaurat, restuaunts, resterants, restauraunts, restaunt, restarants, restraunts, restuarent, resuarant, restaurrants, restrarants, restrua, restaunts, restayrants, restraunt, estauranty, restarunts, restaurtant, restauramts, restauranr, restuarants, restauarants, restuaurant, restruarts, restourant, restraurant, restauranto, restuarnt, resterrants, restrauants, restronts, restautant, resterant, resturanta, restuaraunts, restaurnats, retaurant, resteraunts, rstaurants, resturaunts, restruants, restaurantrs, resturant, restartant, resortand, restauranted, resturnants, resturents, restuarasnts, restraunants, resteraunt, retaurants, resturantes, restuarents, restants, resturants, restauranats, resaturant, restruant, resaurant, restar, resttaurants, restrurants, gastatte, gastaette, lokal, gasthaus, schnellrestaurant, restauration, ristorante, gastätte, fischrestaurant, speiselokal => restaurant
restaurant, restaurantes => restaurante
sainte, st, sankt => saint
saint => santo
2nd, deuxieme, 2eme, 2 eme, zweiten, zweite, zweiter => second
7°, septima, 7ª, seventh => septimo
7, sept, vii, sieben => seven
7th, 7eme, 7 eme, septieme, siebte, siebter, siebten => seventh
seven, vii => siete
6, vi, six, sechs => six
6 eme, sixieme, 6th, 6eme, sechsten, sechster, sechste => sixth
10, dix, x, zehn => ten
dixieme, 10eme, 10th, zehnter, zehnten, zehnte => tenth
tercero, tercera, 3ª, 3ro, third, 3°, 3ra => tercer
troisieme, 3 eme, 3rd, 3eme, dritter, dritte, dritten => third
3, trois, iii, drei => three
three, iii => tres
ii, 2, deux, zwei => two
una, one, un => uno
